{"Gender equality": [0.13269956409931183, -0.35235171020030975, 0.014771446585655212, -0.12148885428905487, 0.1891086846590042, -0.10598032176494598, -0.19868013262748718, 0.16651205718517303, 0.03430025279521942, 0.25294049084186554], "Trans Inclusivness": [-0.0075811296701431274, 0.06520876288414001, 0.06525515019893646, 0.3772764950990677, 0.3808423541486263, 0.129375621676445, 0.29927220940589905, -0.06792443990707397, 0.030584245920181274, 0.40407049655914307], "Race equality": [-0.12863273918628693, -0.09605938196182251, -0.04615481197834015, -0.06254546344280243, 0.23748470842838287, -0.06537465751171112, -0.046731069684028625, 0.19019624590873718, -0.2957545295357704, 0.16809023916721344], "Sexual Orientation": [-0.055812448263168335, 0.3967767730355263, -0.16081692278385162, -0.05270569026470184, -0.09551967680454254, -0.09106598794460297, -0.29476168006658554, 0.07624578475952148, 0.20046718418598175, -0.21197448670864105], "Agism": [-0.07160967588424683, -0.3928707055747509, 0.22869814932346344, -0.14957557618618011, -0.35065046697854996, -0.013157680630683899, -0.04743571579456329, -0.12710237503051758, -0.2206144630908966, -0.05752159655094147], "ableism": [0.3373216539621353, -0.2648075446486473, 0.3138064071536064, 0.1420336663722992, -0.1960398405790329, 0.05872298777103424, -0.46738774701952934, -0.24380312860012054, -0.15888449549674988, -0.045122548937797546], "Vegan": [-0.03809398412704468, -0.1275995522737503, -0.20581471920013428, -0.286654494702816, -0.21393750607967377, -0.12868261337280273, -0.4316314458847046, -0.2241458147764206, 0.3184490278363228, 0.14980913698673248], "Social Class": [-0.35649701952934265, -0.23932135105133057, -0.2340651899576187, -0.4123263582587242, -0.191761776804924, -0.24817122519016266, -0.3126339316368103, -0.022923588752746582, -0.07843050360679626]}