{"EXT": [0.27399356104433537, 0.1972213827073574, 0.255627752840519, 0.15702913403511048, 0.22711545079946518, 0.1256466656923294, 0.19798250645399093, 0.17575918063521384, 0.22057079151272774, 0.15228103697299958], "EST": [0.18753715455532075, 0.25150822699069975, 0.15697355419397355, 0.22658698707818986, 0.14749000668525697, 0.1738124519586563, 0.1585740976035595, 0.14112769365310668, 0.17525493055582048, 0.15025011971592903], "AGR": [0.11017878353595734, 0.24439051002264023, 0.18366008400917053, 0.23562905043363572, 0.21152542531490326, 0.272155724093318, 0.15896648168563843, 0.2293200008571148, 0.17681313455104827, 0.2597243845462799], "CSN": [0.2963274773210287, 0.15828249752521514, 0.2575935896486044, 0.156240251660347, 0.2364780716598034, 0.16588572785258293, 0.25320405326783657, 0.13197985887527466, 0.18265296518802643, 0.21304302290081978], "OPN": [0.2629676014184952, 0.11648346185684204, 0.26243984773755075, 0.14621320515871047, 0.30867667570710183, 0.13874332308769227, 0.23933027274906635, 0.1453817829489708, 0.2333691842854023, 0.2917944505810738]}