{"Gender equality": [0.06181967258453369, 0.22690142691135406, 0.22425934672355652, 0.22640514373779297, 0.2900321036577225, 0.2990511953830719, -0.22522921860218048, -0.24670831859111786, 0.3861839920282364], "Trans Inclusivness": [0.043996214866638184, 0.35223958641290665, 0.3606804981827736, 0.043230101466178894, -0.020174503326416016, 0.3591301813721657, 0.3085961863398552, 0.2148955911397934, -0.14700579643249512, 0.41633082553744316], "Race equality": [-0.061827659606933594, -0.33364303410053253, -0.09014640748500824, 0.07422085106372833, -0.1704106628894806, -0.31791985780000687, 0.019085198640823364, 0.20543162524700165, 0.18383076786994934, 0.25311750173568726], "Sexual Orientation": [0.3608669862151146, -0.24195675551891327, -0.07822257280349731, 0.2062675952911377, 0.06598855555057526, -0.1419205665588379, 0.19434072077274323, 0.35679662227630615, 0.18203581869602203], "Agism": [0.03956042230129242, -0.07309287786483765, 0.2773318886756897, -0.1440030187368393, 0.2544092759490013, -0.10758994519710541, -0.09676043689250946, 0.0159500390291214, -0.1288437694311142, 0.2051921784877777], "ableism": [0.16006667912006378, 0.38399214297533035, 0.008198484778404236, 0.3406510427594185, 0.35776716470718384, 0.4309917464852333, -0.18009980022907257, -0.36832207441329956, -0.08766351640224457, 0.019800320267677307], "Vegan": [0.22651655972003937, 0.3183191940188408, 0.18008071184158325, 0.16924090683460236, -0.08201877772808075, -0.1829017698764801, -0.014730006456375122, -0.24631886184215546, -0.3724297732114792, 0.002109050750732422], "Social Class": [0.0978330671787262, -0.1496133655309677, 0.11189167201519012, 0.01930612325668335, -0.21999657154083252, 0.13239367306232452, -0.19048407673835754, -0.18982212245464325, 0.2420549839735031, -0.4182400032877922]}