{"Gender equality": [0.2611597031354904, 0.40397872030735016, 0.35245008021593094, 0.4642725419253111, 0.40609513223171234, 0.4552621841430664, 0.1983439177274704, 0.27461836487054825, 0.4177606701850891], "Trans Inclusivness": [0.3231460452079773, 0.43799800239503384, 0.42665718495845795, 0.37969566881656647, 0.4029552899301052, 0.33158161491155624, 0.45880019664764404, 0.26646678894758224, 0.26501472294330597, 0.3790825121104717]}