{"gender equality": [0.37028224766254425, 0.1912377029657364, 0.3695017620921135, 0.4070456065237522, 0.2634066194295883, 0.2852381467819214, 0.35955072194337845, 0.36757969856262207, 0.21318118274211884, 0.3999408483505249], "Trans Inclusivness": [0.22265012562274933, 0.33024707436561584, 0.16037388145923615, 0.36501065641641617, 0.4158755987882614, 0.2870342507958412, 0.36323182284832, 0.26623009890317917, 0.15296916663646698, 0.3948705904185772], "Race equality": [0.1300431787967682, 0.17318663001060486, 0.2024981826543808, 0.20136362314224243, 0.3737064525485039, 0.16111144423484802, 0.264912873506546, 0.32268910109996796, 0.23638616502285004, 0.20832882821559906], "Sexual Orientation": [0.3975980058312416, 0.2984379678964615, 0.10159127414226532, 0.21017858386039734, 0.2716647684574127, 0.3745927959680557, 0.29453135281801224, 0.3433004468679428, 0.38644248247146606, 0.06451490521430969], "Agism": [0.26755987852811813, 0.4043421037495136, 0.36222731322050095, 0.39454372972249985, 0.39691369608044624, 0.24719175696372986, 0.23821154236793518, 0.10643699765205383, 0.3057020530104637, 0.3836034908890724], "hard": [0.36156732589006424, 0.021320760250091553, 0.3818308226764202, 0.20136325061321259, -0.32679838687181473, 0.3323090448975563, 0.3797604851424694, 0.29502103477716446, 0.2338547259569168, 0.34003280103206635]}