{"EXT": [0.04785648882389069, 0.01041109561920166, 0.18335158079862596, 0.1384793758392334, 0.20956793949007987], "EST": [0.04785648882389069, 0.01041109561920166, 0.18335158079862596, 0.1384793758392334, 0.20956793949007987], "AGR": [0.04785648882389069, 0.01041109561920166, 0.18335158079862596, 0.1384793758392334, 0.20956793949007987], "CSN": [0.04785648882389069, 0.01041109561920166, 0.18335158079862596, 0.1384793758392334, 0.20956793949007987], "OPN": [0.04785648882389069, 0.01041109561920166, 0.18335158079862596, 0.1384793758392334, 0.20956793949007987]}