{"Gender equality": [0.3313765823841095, 0.09358996152877808, 0.2081187665462494, 0.2762783020734787, 0.1053193211555481, 0.052775487303733826, 0.2399567812681198, 0.3049326464533806, 0.10038422048091888, 0.3233492225408554], "Trans Inclusivness": [0.08116242289543152, 0.28266995400190353, 0.12053942680358887, 0.31575020402669907, 0.3807421922683716, 0.235903799533844, 0.33309000730514526, 0.1923048496246338, 0.07702572643756866, 0.389562014490366], "Race equality": [-0.12583793699741364, 0.07738365232944489, 0.09543649852275848, 0.08611482381820679, 0.29833144694566727, -0.046814724802970886, 0.10440075397491455, 0.14404147863388062, 0.08196909725666046, 0.10092684626579285], "Sexual Orientation": [0.19690272212028503, 0.22578759491443634, -0.09776429831981659, 0.13362325727939606, 0.1687256246805191, 0.2997843027114868, 0.1989835798740387, 0.21139214932918549, 0.33265434205532074, 0.05770181119441986], "Agism": [0.3309614956378937, -0.11218830943107605, 0.22799283266067505, 0.030093491077423096, -0.3549575060606003, 0.19099175930023193, 0.23698407411575317, 0.18518881499767303, 0.14242064952850342, 0.29740092158317566], "ableism": [0.28247910737991333, 0.3230399787425995, 0.3431799113750458, 0.3491152226924896, -0.044277727603912354, 0.27764006704092026, -0.42080680280923843, 0.32483456283807755, -0.051974713802337646, 0.24604178965091705], "Vegan": [0.010700494050979614, -0.14860416948795319, -0.15219727158546448, -0.03889365494251251, 0.02093900740146637, 0.10446915030479431, -0.3075175806879997, 0.006792128086090088, 0.24916070699691772, 0.2717759981751442], "Social Class": [-0.30254072695970535, 0.08194498717784882, -0.11830204725265503, -0.2216324806213379, 0.0043767839670181274, 0.026705101132392883, -0.16066941618919373, 0.09527337551116943, 0.03775453567504883]}