{"EXT": [0.16708962321281434, 0.08921350836753845, 0.1483156830072403, 0.1100509911775589, 0.14532561153173446, 0.09425054788589478, 0.10899889916181564, 0.07791025936603546, 0.11001779735088349, 0.08717284500598907], "EST": [0.0959163099527359, 0.16498934403061866, 0.0996488481760025, 0.10833831876516342, 0.10589943528175354, 0.08676730394363404, 0.11582437455654145, 0.09729267656803131, 0.09691130518913268, 0.08846035301685333], "AGR": [0.08312692940235138, 0.17442228496074677, 0.09525398313999175, 0.14541063755750655, 0.07701453864574433, 0.12302845567464829, 0.09351524710655212, 0.1630381762981415, 0.12760852575302123, 0.1867743670940399], "CSN": [0.21260954812169075, 0.08819116950035095, 0.17604730874300004, 0.08691062331199646, 0.1473888024687767, 0.09703881740570068, 0.10725677311420441, 0.0834524542093277, 0.13578982204198836, 0.14820518344640732], "OPN": [0.15701370537281037, 0.08302803337574005, 0.15568189918994904, 0.0931069940328598, 0.2124451756477356, 0.07682873010635376, 0.18241698071360588, 0.09574092030525208, 0.14052625000476837, 0.18864609003067018]}