{"Gender equality": [0.22294439375400543, 0.3071947917342186, 0.3018430843949318, 0.42464784905314445, 0.37301936000585556, 0.39653797075152397, 0.10452021658420563, 0.08921094238758087, 0.3923446647822857], "Trans Inclusivness": [0.12221278250217438, 0.3374299630522728, 0.3669589012861252, 0.3256114199757576, 0.33833909034729004, 0.31294333189725876, 0.4402366168797016, 0.25477026402950287, 0.16956129670143127, 0.21189938485622406], "Race equality": [-0.01825428009033203, -0.035928696393966675, 0.13299427926540375, 0.2487572729587555, 0.0639488697052002, 0.08413217961788177, 0.200826033949852, 0.0829775482416153, 0.28628551959991455, 0.2751397341489792], "Sexual Orientation": [0.332797534763813, 0.0009222030639648438, 0.293206088244915, 0.2820479944348335, 0.34883787482976913, 0.2280026227235794, 0.385712206363678, 0.39011337235569954, 0.3894195109605789], "Agism": [0.0992794930934906, 0.33922865241765976, 0.29093652218580246, 0.2304600328207016, 0.38015373796224594, 0.25782379508018494, 0.21539486944675446, 0.10748715698719025, 0.16554133594036102, 0.3216581493616104], "ableism": [0.335759662091732, 0.41514891758561134, -0.07625836133956909, 0.34412287920713425, 0.36909759789705276, 0.3276701271533966, 0.10806781053543091, -0.3425562307238579, 0.14410400390625, 0.3089492544531822], "Vegan": [0.2584337443113327, 0.1451251357793808, 0.3313611075282097, 0.19622747600078583, 0.2190912812948227, 0.2569180876016617, 0.25547636300325394, 0.007620707154273987, -0.3108878657221794, 0.15271931886672974], "Social Class": [0.19666457176208496, 0.17026692628860474, 0.3156111314892769, 0.21305516362190247, 0.1052887886762619, 0.24211592972278595, 0.266449011862278, 0.1109142005443573, 0.29829366505146027, 0.10686665773391724]}