{"Gender equality": [0.225587859749794, -0.3233156278729439, 0.08596211671829224, 0.18365219235420227, 0.09100975096225739, -0.03727848827838898, 0.05525249242782593, 0.39137763157486916, 0.19463856518268585, 0.17103619873523712], "Trans Inclusivness": [0.03666388988494873, 0.07678689062595367, -0.00083160400390625, 0.3195398822426796, 0.11160673201084137, 0.13206727802753448, 0.305586501955986, 0.08095674216747284, 0.0006227493286132812, 0.2532653659582138], "Race equality": [0.19936992228031158, 0.07606600224971771, 0.02309870719909668, 0.031399354338645935, 0.3546774610877037, 0.09502935409545898, 0.08129751682281494, 0.22460392117500305, 0.12716393172740936, 0.0030708014965057373], "Sexual Orientation": [0.14903917908668518, 0.21568332612514496, 0.012604907155036926, 0.07928979396820068, 0.06565304100513458, 0.19060637056827545, 0.08374293148517609, 0.2278386950492859, 0.12171047925949097, -0.021214142441749573], "Agism": [0.02744297683238983, -0.0488491952419281, -0.04278755187988281, 0.038619205355644226, -0.2613721713423729, 0.0950789749622345, 0.02884519100189209, 0.019970744848251343, -0.031543731689453125, 0.1065039187669754], "ableism": [0.32687895745038986, 0.12871024012565613, 0.2977775111794472, 0.18442636728286743, 0.12988044321537018, 0.27218927443027496, -0.44330035150051117, 0.0905357152223587, 0.2005828320980072, 0.33128033578395844], "Vegan": [0.10251025855541229, -0.023239538073539734, 0.09554584324359894, 0.011962518095970154, 0.019645094871520996, -0.10948602855205536, -0.42759961262345314, 0.030971869826316833, 0.12518428266048431, 0.12809646129608154], "Social Class": [-0.06560994684696198, 0.02176244556903839, 0.05325450003147125, -0.04599499702453613, -0.020241156220436096, -0.09451816976070404, -0.1267329901456833, 0.09460274875164032, -0.03574937582015991]}