{"EXT": [0.13657314479351043, 0.042584669589996335, 0.1211546614766121, 0.0698607623577118, 0.12847289443016052, 0.06782983541488648, 0.0942187562584877, 0.05260920226573944, 0.08221919536590576, 0.06597830951213837], "EST": [0.04150031208992004, 0.12980910986661912, 0.077849280834198, 0.10763070732355118, 0.04369429647922516, 0.038779151439666745, 0.06560076177120208, 0.0645903080701828, 0.03920224010944366, 0.06454119682312012], "AGR": [0.05459650754928589, 0.12680914998054504, 0.07105699181556702, 0.12188128978013993, 0.12101590186357498, 0.12423688471317292, 0.04291409850120544, 0.13250528573989867, 0.10695139616727829, 0.1528514504432678], "CSN": [0.1768275737762451, 0.03830582499504089, 0.16579717099666597, 0.05083602070808411, 0.13557344079017639, 0.06678884029388428, 0.10284788310527801, 0.04420792758464813, 0.11140002310276031, 0.1328620046377182], "OPN": [0.17399080395698546, 0.04149927198886871, 0.1365852862596512, 0.04204454123973846, 0.1942966692149639, 0.03918396830558777, 0.16989561021327973, 0.08829237222671509, 0.134164297580719, 0.18920568227767945]}