{"Gender equality": [0.09794358909130096, 0.30635929852724075, 0.38211681693792343, 0.4258766248822212, 0.3632480055093765, 0.45075818710029125, 0.2419428825378418, 0.08638870716094971, 0.4244898036122322], "Trans Inclusivness": [0.09502384066581726, 0.3379496857523918, 0.11455215513706207, 0.15643633902072906, 0.18258284032344818, 0.19421683251857758, 0.4027351103723049, 0.24876658618450165, 0.016368746757507324, 0.21374426782131195], "Race equality": [0.026663243770599365, 0.03280307352542877, 0.040518417954444885, 0.03484788537025452, -0.017598509788513184, 0.03793279826641083, 0.04704158008098602, -0.05561418831348419, 0.18632405996322632, 0.18323704600334167], "Sexual Orientation": [0.3629879578948021, -0.05938030779361725, 0.04670032858848572, 0.19079704582691193, 0.2292441874742508, 0.1351596862077713, 0.3457367494702339, 0.4014648422598839, 0.2890407368540764], "Agism": [0.17866313457489014, 0.08987510204315186, 0.16835790872573853, 0.1149614006280899, 0.422785971313715, 0.06897534430027008, 0.10835687816143036, -0.11992529034614563, 0.12406891584396362, 0.18568231165409088], "ableism": [0.10299435257911682, 0.3660201281309128, 0.20194779336452484, 0.4081801734864712, 0.40898244827985764, 0.30444611608982086, -0.06603728234767914, -0.3623233437538147, 0.25075625628232956, 0.1974334418773651], "Vegan": [0.27314478904008865, 0.3177047371864319, 0.14551891386508942, 0.2691906541585922, 0.050803691148757935, -0.0028381049633026123, 0.1934680938720703, -0.00066375732421875, -0.4307148978114128, 0.11044441163539886], "Social Class": [0.09821133315563202, 0.08170227706432343, 0.3385140001773834, 0.14784348011016846, 0.1918463557958603, 0.2609276622533798, 0.30520471930503845, 0.21815139055252075, 0.32215511053800583, -0.08347781002521515]}