{"EXT": [0.1570635437965393, 0.039030265808105466, 0.15021860897541045, 0.06880309879779815, 0.13035674691200255, 0.05266773104667664, 0.07321692109107972, 0.029383459687232973, 0.07325597107410431, 0.04785648882389069], "EST": [0.014732038974761963, 0.14002500250935554, 0.031600740551948545, 0.0392455518245697, 0.02655189633369446, 0.012025302648544312, 0.06494352519512177, 0.034400418400764465, 0.02497645914554596, 0.01041109561920166], "AGR": [0.02944556176662445, 0.1798975348472595, 0.021551698446273804, 0.13957226127386094, 0.024983897805213928, 0.08041618764400482, 0.03682047873735428, 0.14628788381814956, 0.08766606003046036, 0.18335158079862596], "CSN": [0.21675061136484147, 0.03828981220722198, 0.16595457941293718, 0.02249481976032257, 0.15011059790849685, 0.03668034374713898, 0.07836863547563552, 0.02902500480413437, 0.08912519365549088, 0.1384793758392334], "OPN": [0.15154030099511145, 0.021128782629966737, 0.14022247195243837, 0.02997354567050934, 0.24041524827480315, 0.016207255423069, 0.18975335210561753, 0.041879776120185855, 0.11277448534965515, 0.20956793949007987]}