{"Gender equality": [0.2611597031354904, 0.40397872030735016, 0.35245008021593094, 0.4642725419253111, 0.40609513223171234, 0.4552621841430664, 0.1983439177274704, 0.27461836487054825, 0.4177606701850891], "Trans Inclusivness": [0.3231460452079773, 0.43799800239503384, 0.42665718495845795, 0.37969566881656647, 0.4029552899301052, 0.33158161491155624, 0.45880019664764404, 0.26646678894758224, 0.26501472294330597, 0.3790825121104717], "Race equality": [0.2637643665075302, 0.1194060891866684, 0.2935640811920166, 0.36078977584838867, 0.10671694576740265, 0.18500447273254395, 0.2781001776456833, 0.22868609428405762, 0.38885076716542244, 0.32188525050878525], "Sexual Orientation": [0.4249788597226143, 0.13702107965946198, 0.33854011446237564, 0.3979721665382385, 0.4392097406089306, 0.35261916369199753, 0.4545892756432295, 0.43577175214886665, 0.4457092899829149], "Agism": [0.26755987852811813, 0.4043421037495136, 0.36222731322050095, 0.39454372972249985, 0.39691369608044624, 0.24719175696372986, 0.23821154236793518, 0.10643699765205383, 0.3057020530104637, 0.3836034908890724], "ableism": [0.3919875770807266, 0.4529358986765146, 0.07170169055461884, 0.3930807001888752, 0.4189043752849102, 0.4071793109178543, 0.2170664519071579, -0.3483128920197487, 0.22925475239753723, 0.3557892516255379], "Vegan": [0.378485981374979, 0.16911721229553223, 0.37002094089984894, 0.2843399941921234, 0.36169174313545227, 0.2872988358139992, 0.4328143373131752, 0.08629387617111206, -0.2829945236444473, 0.12657368183135986], "Social Class": [0.27679063379764557, 0.24037644267082214, 0.34887558221817017, 0.29370778053998947, 0.16553837060928345, 0.2852104902267456, 0.35448288172483444, 0.2965302988886833, 0.38765520974993706, 0.1634543538093567]}