{"Gender equality": [0.37028224766254425, 0.1912377029657364, 0.3695017620921135, 0.4070456065237522, 0.2634066194295883, 0.2852381467819214, 0.35955072194337845, 0.36757969856262207, 0.21318118274211884, 0.3999408483505249], "Trans Inclusivness": [0.22265012562274933, 0.33024707436561584, 0.16037388145923615, 0.36501065641641617, 0.4158755987882614, 0.2870342507958412, 0.36323182284832, 0.26623009890317917, 0.15296916663646698, 0.3948705904185772], "Race equality": [0.1300431787967682, 0.17318663001060486, 0.2024981826543808, 0.20136362314224243, 0.3737064525485039, 0.16111144423484802, 0.264912873506546, 0.32268910109996796, 0.23638616502285004, 0.20832882821559906], "Sexual Orientation": [0.3975980058312416, 0.2984379678964615, 0.10159127414226532, 0.21017858386039734, 0.2716647684574127, 0.3745927959680557, 0.29453135281801224, 0.3433004468679428, 0.38644248247146606, 0.06451490521430969], "Agism": [0.36156732589006424, 0.021320760250091553, 0.3818308226764202, 0.20136325061321259, -0.32679838687181473, 0.3323090448975563, 0.3797604851424694, 0.29502103477716446, 0.2338547259569168, 0.34003280103206635], "ableism": [0.356094054877758, 0.40725383535027504, 0.3678380697965622, 0.40102843195199966, 0.0224820077419281, 0.38632185384631157, -0.40380019322037697, 0.3182925134897232, 0.15614894032478333, 0.28060566633939743], "Vegan": [0.08739911019802094, 0.08347317576408386, -0.004196062684059143, 0.048295602202415466, 0.28446806967258453, 0.13246861100196838, -0.30050353705883026, 0.04390396177768707, 0.3359120190143585, 0.3567214757204056], "Social Class": [-0.1939106583595276, 0.20065003633499146, 0.0706954151391983, -0.2237810343503952, 0.09304459393024445, 0.09065008163452148, -0.0050528645515441895, 0.18041428923606873, 0.0866185873746872]}