{"EXT": [0.15228103697299958, 0.15025011971592903, 0.2597243845462799, 0.21304302290081978, 0.2917944505810738], "EST": [0.15228103697299958, 0.15025011971592903, 0.2597243845462799, 0.21304302290081978, 0.2917944505810738], "AGR": [0.15228103697299958, 0.15025011971592903, 0.2597243845462799, 0.21304302290081978, 0.2917944505810738], "CSN": [0.15228103697299958, 0.15025011971592903, 0.2597243845462799, 0.21304302290081978, 0.2917944505810738], "OPN": [0.15228103697299958, 0.15025011971592903, 0.2597243845462799, 0.21304302290081978, 0.2917944505810738]}