{"EXT": [0.2543330318760127, 0.25962762511335313, 0.3163849419914186, 0.29096002886071803, 0.31025887113064526], "EST": [0.2543330318760127, 0.25962762511335313, 0.3163849419914186, 0.29096002886071803, 0.31025887113064526], "AGR": [0.2543330318760127, 0.25962762511335313, 0.3163849419914186, 0.29096002886071803, 0.31025887113064526], "CSN": [0.2543330318760127, 0.25962762511335313, 0.3163849419914186, 0.29096002886071803, 0.31025887113064526], "OPN": [0.2543330318760127, 0.25962762511335313, 0.3163849419914186, 0.29096002886071803, 0.31025887113064526]}