{"EXT": [0.06597830951213837, 0.06454119682312012, 0.1528514504432678, 0.1328620046377182, 0.18920568227767945], "EST": [0.06597830951213837, 0.06454119682312012, 0.1528514504432678, 0.1328620046377182, 0.18920568227767945], "AGR": [0.06597830951213837, 0.06454119682312012, 0.1528514504432678, 0.1328620046377182, 0.18920568227767945], "CSN": [0.06597830951213837, 0.06454119682312012, 0.1528514504432678, 0.1328620046377182, 0.18920568227767945], "OPN": [0.06597830951213837, 0.06454119682312012, 0.1528514504432678, 0.1328620046377182, 0.18920568227767945]}